home_team,away_team,p_home_book,p_draw_book,p_away_book
1. FC Heidenheim,FSV Mainz 05,0.47920092886625143,0.23156507370955345,0.28923399742419503
Bayer Leverkusen,Hamburger SV,0.7382916043413104,0.15429421904233193,0.1074141766163577
Bayern Munich,1. FC Köln,0.8208502629150732,0.10669070391853852,0.07245903316638816
Borussia Monchengladbach,TSG Hoffenheim,0.22772190328260944,0.21457524163568503,0.5577028550817055
Eintracht Frankfurt,VfB Stuttgart,0.27617713782221975,0.2267062761690588,0.4971165860087215
FC St. Pauli,VfL Wolfsburg,0.3379798470089249,0.26598017703658916,0.3960399759544859
SC Freiburg,RB Leipzig,0.354196150981799,0.24369725089500918,0.4021065981231918
Union Berlin,Augsburg,0.36390448845134027,0.2500608269561042,0.38603468459255547
Werder Bremen,Borussia Dortmund,0.2798449732599533,0.23642765540960714,0.4837273713304396
