home_team,away_team,p_home_book,p_draw_book,p_away_book
Hull City,Millwall,0.30603320451285565,0.2849985849843092,0.40896821050283516
Middlesbrough,Southampton,0.4122269739385211,0.28699695466406505,0.3007760713974139
