home_team,away_team,p_home_book,p_draw_book,p_away_book
1. FC Heidenheim,FSV Mainz 05,0.48778579777105674,0.22916226564198716,0.28305193658695615
Bayer Leverkusen,Hamburger SV,0.7407867246121921,0.1534966662345902,0.1057166091532177
Bayern Munich,1. FC Köln,0.8238743314356108,0.10508624117693735,0.07103942738745177
Borussia Monchengladbach,TSG Hoffenheim,0.22660864846302092,0.21525415741526482,0.5581371941217143
Eintracht Frankfurt,VfB Stuttgart,0.27191268190699175,0.22548191004768187,0.5026054080453264
FC St. Pauli,VfL Wolfsburg,0.3304756339506938,0.2597354981274037,0.4097888679219025
SC Freiburg,RB Leipzig,0.3542626614481899,0.24420447737013468,0.40153286118167547
Union Berlin,Augsburg,0.3575444429118023,0.24959912393597566,0.3928564331522221
Werder Bremen,Borussia Dortmund,0.2788367182725474,0.2359166852627716,0.485246596464681
