home_team,away_team,p_home_book,p_draw_book,p_away_book
Hull City,Millwall,0.30785703742674037,0.2885394807078534,0.4036034818654063
Middlesbrough,Southampton,0.413138026363517,0.2861001436434451,0.30076182999303785
