home_team,away_team,p_home_book,p_draw_book,p_away_book
Arsenal,Burnley,0.8778246592231127,0.08346687781190892,0.03870846296497838
Bournemouth,Manchester City,0.22629475748179217,0.23199146685652505,0.5417137756616828
Brentford,Crystal Palace,0.0908356249436886,0.853657336126323,0.05550703892998844
Brighton and Hove Albion,Manchester United,0.42729975657297875,0.2627574622508466,0.30994278117617474
Chelsea,Tottenham Hotspur,0.4702762633153929,0.25518854354340004,0.27453519314120706
Newcastle United,West Ham United,0.4571377762413008,0.24770196172483105,0.2951602620338681
