home_team,away_team,p_home_book,p_draw_book,p_away_book
Hull City,Millwall,0.3087405388929217,0.28707048520516026,0.4041889759019181
Middlesbrough,Southampton,0.4132380664578344,0.28628812403074283,0.30047380951142283
