home_team,away_team,p_home_book,p_draw_book,p_away_book
1. FC Heidenheim,FSV Mainz 05,0.49540947049798445,0.22885988934855775,0.2757306401534578
Bayer Leverkusen,Hamburger SV,0.7477999044195046,0.1497147872695777,0.10248530831091765
Bayern Munich,1. FC Köln,0.8191180899798436,0.1077719949082612,0.07310991511189532
Borussia Monchengladbach,TSG Hoffenheim,0.22794899050919834,0.21506925630678753,0.5569817531840141
Eintracht Frankfurt,VfB Stuttgart,0.27698490243077073,0.2240835209292465,0.49893157663998283
FC St. Pauli,VfL Wolfsburg,0.3336300475480402,0.2585377842221047,0.4078321682298551
SC Freiburg,RB Leipzig,0.346658994428802,0.24201299230364462,0.4113280132675534
Union Berlin,Augsburg,0.3584926055802181,0.2496062037165822,0.3919011907031996
Werder Bremen,Borussia Dortmund,0.2797149630416451,0.23894555625714822,0.4813394807012066
