home_team,away_team,p_home_book,p_draw_book,p_away_book
1. FC Köln,1. FC Heidenheim,0.4819442319874373,0.23941716897597928,0.2786385990365834
Augsburg,Borussia Monchengladbach,0.4653774282628234,0.25251879017666135,0.2821037815605153
FSV Mainz 05,Union Berlin,0.5376020581007633,0.24580047742447225,0.2165974644747644
Hamburger SV,SC Freiburg,0.34873074903845963,0.26211437744202765,0.3891548735195127
RB Leipzig,FC St. Pauli,0.7325074273032521,0.16660202813739514,0.10089054455935278
TSG Hoffenheim,Werder Bremen,0.645604395656421,0.19021852965485123,0.16417707468872775
VfB Stuttgart,Bayer Leverkusen,0.43158708656050815,0.23927026652640276,0.3291426469130891
VfL Wolfsburg,Bayern Munich,0.1987505810753048,0.1988862734430141,0.6023631454816811
