home_team,away_team,p_home_book,p_draw_book,p_away_book
Bayer Leverkusen,Bayern Munich,0.20336747802346855,0.21214243550366205,0.5844900864728694
Borussia Dortmund,Augsburg,0.6802514255991982,0.19174201485410883,0.128006559546693
Borussia Monchengladbach,FC St. Pauli,0.4875992918156039,0.27707392669349007,0.23532678149090608
Eintracht Frankfurt,1. FC Heidenheim,0.624164590724533,0.211695188123441,0.16414022115202598
Hamburger SV,1. FC Köln,0.44890875444602873,0.26647741069336855,0.2846138348606027
SC Freiburg,Union Berlin,0.4351073441835576,0.28909516752951686,0.2757974882869256
TSG Hoffenheim,VfL Wolfsburg,0.6223836821447576,0.20623321303310482,0.1713831048221376
VfB Stuttgart,RB Leipzig,0.41962831815389473,0.24182766586412757,0.3385440159819777
Werder Bremen,FSV Mainz 05,0.405950314335368,0.2689432800890292,0.32510640557560283
