home_team,away_team,p_home_book,p_draw_book,p_away_book
Ajax,FC Utrecht,0.5647100221960022,0.21983206586940515,0.21545791193459274
Excelsior,FC Volendam,0.5349413959610605,0.23730994865562371,0.22774865538331582
FC Twente Enschede,Sparta Rotterdam,0.6968341714430073,0.18141770949738736,0.12174811905960527
Feyenoord,AZ Alkmaar,0.515375558587142,0.23271830383114211,0.25190613758171587
Fortuna Sittard,FC Zwolle,0.45298261850182703,0.24753531850426788,0.2994820629939051
Go Ahead Eagles,PSV Eindhoven,0.210162632227075,0.2050387008707193,0.5847986669022057
Groningen,NEC Nijmegen,0.3352413349390721,0.24558213932062808,0.4191765257402998
NAC Breda,Heerenveen,0.378318454273167,0.24962925538377,0.3720522903430629
SC Telstar,Heracles Almelo,0.7050996905020871,0.17302726731207876,0.12187304218583417
