home_team,away_team,p_home_book,p_draw_book,p_away_book
Brest,Angers,0.5167396365146025,0.25716486472352507,0.22609549876187235
Lille,Auxerre,0.6750117784684464,0.2019682021909631,0.12302001934059056
Lorient,Le Havre,0.36683972355935834,0.2729991885591616,0.36016108788148005
Lyon,RC Lens,0.556376175299982,0.22908185518075821,0.2145419695192599
Marseille,Rennes,0.4742313436437612,0.23800754347873748,0.2877611128775014
Nantes,Toulouse,0.36902041280485187,0.2683035631426625,0.3626760240524856
Nice,Metz,0.723758725992855,0.17142230405664738,0.10481896995049769
Paris FC,Paris Saint Germain,0.1936535851174476,0.21283235817690932,0.5935140567056432
Strasbourg,AS Monaco,0.31194580231307445,0.23568125362311151,0.45237294406381406
