home_team,away_team,p_home_book,p_draw_book,p_away_book
Arsenal,Burnley,0.8704022846827891,0.08943098219780703,0.04016673311940381
Aston Villa,Liverpool,0.3265044692243838,0.2519114865918586,0.42158404418375756
Brentford,Crystal Palace,0.5333479181514704,0.2341346839689018,0.23251739787962777
Everton,Sunderland,0.5346164793909385,0.25603979735255555,0.20934372325650594
Leeds United,Brighton and Hove Albion,0.2980414013245688,0.2632608742941035,0.4386977243813277
Manchester City,Crystal Palace,0.7952858648159957,0.13224091877192112,0.07247321641208308
Manchester United,Nottingham Forest,0.5840513853017227,0.22332634689617756,0.19262226780209973
Newcastle United,West Ham United,0.4654603972245875,0.25011105098306274,0.28442855179234977
Wolverhampton Wanderers,Fulham,0.26534960168439936,0.24856521678321847,0.4860851815323821
