home_team,away_team,p_home_book,p_draw_book,p_away_book
AS Monaco,Lille,0.40285747992022397,0.25773029660144886,0.3394122234783272
Angers,Strasbourg,0.3283739074039422,0.2821887523089842,0.3894373402870736
Auxerre,Nice,0.3952365892945452,0.2774054066492037,0.3273580040562511
Le Havre,Marseille,0.2714179680338039,0.25354403724066776,0.4750379947255283
Metz,Lorient,0.29876006677935063,0.2612297277593398,0.4400102054613096
Paris Saint Germain,Brest,0.8107501985489892,0.12222667931332701,0.06702312213768376
RC Lens,Paris Saint Germain,0.29682558182530183,0.2543752433328305,0.4487991748418677
Rennes,Paris FC,0.629007578563442,0.20393145900350443,0.16706096243305354
Toulouse,Lyon,0.2193960860654937,0.24580495850839823,0.534798955426108
