home_team,away_team,p_home_book,p_draw_book,p_away_book
Ajax,FC Utrecht,0.578409833645539,0.2264627810700634,0.19512738528439758
Excelsior,FC Volendam,0.5468599438216651,0.24647733447757156,0.20666272170076327
FC Twente Enschede,Sparta Rotterdam,0.6880751509868442,0.18076290713999885,0.13116194187315686
Feyenoord,AZ Alkmaar,0.4791320595271064,0.24946662303597286,0.2714013174369207
Fortuna Sittard,FC Zwolle,0.42094189246081726,0.26203260486276597,0.3170255026764167
Go Ahead Eagles,PSV Eindhoven,0.2875282117110308,0.2238653648333345,0.4886064234556346
Groningen,NEC Nijmegen,0.33788158188406425,0.2536631328156121,0.40845528530032366
NAC Breda,Heerenveen,0.37049173084876186,0.2564462745556465,0.37306199459559164
SC Telstar,Heracles Almelo,0.6589605490121112,0.19128917536418105,0.14975027562370774
