home_team,away_team,p_home_book,p_draw_book,p_away_book
1. FC Köln,1. FC Heidenheim,0.5146348127271057,0.23758049797252903,0.24778468930036535
Augsburg,Borussia Monchengladbach,0.4399944942636411,0.2586547347603698,0.301350770975989
Borussia Dortmund,Eintracht Frankfurt,0.6241430096234902,0.19934073258249363,0.1765162577940161
FSV Mainz 05,Union Berlin,0.533409089977382,0.2456857477053639,0.22090516231725413
Hamburger SV,SC Freiburg,0.34241593564197925,0.2650335305729508,0.39255053378506993
RB Leipzig,FC St. Pauli,0.7091131206360318,0.1784634495445233,0.11242342981944489
TSG Hoffenheim,Werder Bremen,0.6439467020575628,0.19309507866712444,0.16295821927531282
VfB Stuttgart,Bayer Leverkusen,0.4431082659888875,0.23703552297798647,0.31985621103312606
VfL Wolfsburg,Bayern Munich,0.2247953572982848,0.21494745707208604,0.5602571856296292
