home_team,away_team,p_home_book,p_draw_book,p_away_book
Saint Etienne,Nice,0.3532608695652174,0.30027173913043476,0.3464673913043478
