home_team,away_team,p_home_book,p_draw_book,p_away_book
1. FC Heidenheim,FSV Mainz 05,0.4760805264766991,0.23311136235113197,0.290808111172169
Bayer Leverkusen,Hamburger SV,0.7387633017118926,0.1541420945635965,0.10709460372451099
Bayern Munich,1. FC Köln,0.818142692717546,0.109084651309126,0.07277265597332806
Borussia Monchengladbach,TSG Hoffenheim,0.23031406767792895,0.21580359169134727,0.5538823406307237
Eintracht Frankfurt,VfB Stuttgart,0.27757959527291803,0.2255373789097635,0.49688302581731847
FC St. Pauli,VfL Wolfsburg,0.3382981186190101,0.2658149846100629,0.395886896770927
SC Freiburg,RB Leipzig,0.36291496150136815,0.24174695648595387,0.39533808201267795
Union Berlin,Augsburg,0.363547569526509,0.25093058087915626,0.38552184959433466
Werder Bremen,Borussia Dortmund,0.2798570881812703,0.2363072381170011,0.48383567370172853
