home_team,away_team,p_home_book,p_draw_book,p_away_book
AZ Alkmaar,NAC Breda,0.6939528140117275,0.17803667752847896,0.1280105084597936
FC Utrecht,Fortuna Sittard,0.633524749722114,0.20022189531162193,0.166253354966264
FC Volendam,SC Telstar,0.3491076110564227,0.2573932793671316,0.39349910957644574
FC Zwolle,Feyenoord,0.21231824022669857,0.2171444426270313,0.5705373171462702
Heerenveen,Ajax,0.3152930740885972,0.22800865993700753,0.4566982659743953
Heracles Almelo,Groningen,0.20026878137847567,0.2091215349552801,0.5906096836662442
NEC Nijmegen,Go Ahead Eagles,0.6879406623755975,0.17876708935202176,0.13329224827238076
PSV Eindhoven,FC Twente Enschede,0.45446546728634607,0.22972510551260336,0.31580942720105054
Sparta Rotterdam,Excelsior,0.45920286678956934,0.23896243787412866,0.301834695336302
