home_team,away_team,p_home_book,p_draw_book,p_away_book
Arsenal,Burnley,0.8726858341800418,0.08705130445608186,0.04026286136387636
Aston Villa,Liverpool,0.32438981603975797,0.2542901212130262,0.42132006274721584
Brentford,Crystal Palace,0.5413892291784863,0.2332466680216771,0.22536410279983662
Chelsea,Tottenham Hotspur,0.4518636917271036,0.2554478013971343,0.2926885068757621
Everton,Sunderland,0.5134681432937592,0.2618074807058421,0.22472437600039868
Leeds United,Brighton and Hove Albion,0.2982818402200363,0.263284853377288,0.4384333064026757
Manchester United,Nottingham Forest,0.591655476369499,0.2201060080183444,0.18823851561215674
Newcastle United,West Ham United,0.45710180810797746,0.24979150555874124,0.29310668633328135
Wolverhampton Wanderers,Fulham,0.2515441457141071,0.24643415684447434,0.5020216974414186
