home_team,away_team,p_home_book,p_draw_book,p_away_book
Arsenal,Burnley,0.8710820847813391,0.0886702316700826,0.04024768354857827
Aston Villa,Liverpool,0.32608762254129353,0.25179396661961195,0.4221184108390944
Brentford,Crystal Palace,0.5387029567790537,0.23637787185279374,0.2249191713681526
Everton,Sunderland,0.5346164793909385,0.25603979735255555,0.20934372325650594
Leeds United,Brighton and Hove Albion,0.2980414013245688,0.2632608742941035,0.4386977243813277
Manchester City,Crystal Palace,0.7952943597118118,0.13223944788783215,0.07246619240035604
Manchester United,Nottingham Forest,0.5840513853017227,0.22332634689617756,0.19262226780209973
Newcastle United,West Ham United,0.46433019715074186,0.2505761830076273,0.2850936198416308
Wolverhampton Wanderers,Fulham,0.2657637616879493,0.24793936500046607,0.48629687331158455
