home_team,away_team,p_home_book,p_draw_book,p_away_book
Arsenal,Burnley,0.873219629951085,0.08625671540942557,0.04052365463948934
Bournemouth,Manchester City,0.22564806516977284,0.2297411282663911,0.5446108065638361
Brentford,Crystal Palace,0.5711788101229447,0.2272430783078772,0.20157811156917801
Chelsea,Tottenham Hotspur,0.4549142885653857,0.2574458195275228,0.28763989190709155
Everton,Sunderland,0.5215710611308534,0.25704174805387053,0.22138719081527608
Leeds United,Brighton and Hove Albion,0.2889888530916537,0.26183223714013076,0.44917890976821556
Manchester United,Nottingham Forest,0.5880009559291007,0.22323849856959338,0.1887605455013059
Newcastle United,West Ham United,0.43681371146300857,0.25188476828085116,0.3113015202561403
Wolverhampton Wanderers,Fulham,0.25322772607748295,0.2521614241730408,0.49461084974947617
