home_team,away_team,p_home_book,p_draw_book,p_away_book
1. FC Heidenheim,FSV Mainz 05,0.48314605796415655,0.23027040485800496,0.28658353717783847
Bayer Leverkusen,Hamburger SV,0.7382200499826711,0.15433732407765682,0.10744262593967213
Bayern Munich,1. FC Köln,0.8250177536822865,0.10371021042868803,0.07127203588902555
Borussia Monchengladbach,TSG Hoffenheim,0.22754665169154226,0.2158553689827633,0.5565979793256944
Eintracht Frankfurt,VfB Stuttgart,0.27624871891655184,0.22676513173550966,0.4969861493479385
FC St. Pauli,VfL Wolfsburg,0.33193718732327315,0.25949833430345104,0.4085644783732758
SC Freiburg,RB Leipzig,0.354442097474962,0.24377684992079374,0.40178105260424424
Union Berlin,Augsburg,0.36390448845134027,0.2500608269561042,0.38603468459255547
Werder Bremen,Borussia Dortmund,0.2796912280297159,0.23641543718384006,0.48389333478644403
