home_team,away_team,p_home_book,p_draw_book,p_away_book
1. FC Köln,1. FC Heidenheim,0.5291897470711635,0.23571177056342396,0.23509848236541253
Augsburg,Borussia Monchengladbach,0.418263398570249,0.2597030330124155,0.3220335684173354
Borussia Dortmund,Eintracht Frankfurt,0.6244212540470313,0.19970623990601918,0.17587250604694948
FSV Mainz 05,Union Berlin,0.5215925054541413,0.2504986219338178,0.22790887261204099
Hamburger SV,SC Freiburg,0.34480829810102387,0.2644470262804268,0.3907446756185493
RB Leipzig,FC St. Pauli,0.6773670149573806,0.19103118959830037,0.1316017954443189
TSG Hoffenheim,Werder Bremen,0.6437914601761547,0.1920884022407188,0.16412013758312632
VfB Stuttgart,Bayer Leverkusen,0.4519347206126688,0.23699705958124742,0.3110682198060838
VfL Wolfsburg,Bayern Munich,0.2150949013977581,0.20559672212770977,0.5793083764745321
