home_team,away_team,p_home_book,p_draw_book,p_away_book
Brest,Angers,0.5181866917060175,0.25554478796550784,0.22626852032847466
Lille,Auxerre,0.6785043503697489,0.19812166386879565,0.12337398576145545
Lorient,Le Havre,0.36513990070083785,0.27331008190698713,0.36155001739217496
Lyon,RC Lens,0.5479169816277359,0.23198844310920635,0.22009457526305773
Marseille,Rennes,0.4655328646214886,0.2556140889017452,0.2788530464767663
Nantes,Toulouse,0.37016717048263736,0.2669172583292303,0.36291557118813234
Nice,Metz,0.7061727532268542,0.18211642987075402,0.11171081690239171
Paris FC,Paris Saint Germain,0.18807304319217047,0.20818485236278436,0.6037421044450452
Strasbourg,AS Monaco,0.3124179717453815,0.24490687134467035,0.4426751569099482
