home_team,away_team,p_home_book,p_draw_book,p_away_book
AZ Alkmaar,NAC Breda,0.6750864856922746,0.18273893154561546,0.14217458276210995
FC Utrecht,Fortuna Sittard,0.6265722845203473,0.20325914514771035,0.17016857033194233
FC Volendam,SC Telstar,0.36900578077226664,0.25574785542925865,0.37524636379847476
FC Zwolle,Feyenoord,0.21207781765830783,0.2159635877144562,0.571958594627236
Heerenveen,Ajax,0.2951327508311327,0.23524967165807148,0.4696175775107958
Heracles Almelo,Groningen,0.2014666013201515,0.20800006353994294,0.5905333351399055
NEC Nijmegen,Go Ahead Eagles,0.676159683370657,0.1811276413259732,0.14271267530336973
PSV Eindhoven,FC Twente Enschede,0.4440606999225368,0.2333878385958291,0.32255146148163416
Sparta Rotterdam,Excelsior,0.47418573649402895,0.2380403384628351,0.28777392504313604
