home_team,away_team,p_home_book,p_draw_book,p_away_book
1. FC Heidenheim,FSV Mainz 05,0.4937907814255726,0.23046734671923477,0.27574187185519267
Bayer Leverkusen,Hamburger SV,0.7506645949815652,0.14758789315154483,0.10174751186688995
Bayern Munich,1. FC Köln,0.8183813042157795,0.10900515263810395,0.07261354314611669
Borussia Monchengladbach,TSG Hoffenheim,0.21949601385103118,0.21333851766639816,0.5671654684825707
Eintracht Frankfurt,VfB Stuttgart,0.27020697099058466,0.2232146514965078,0.5065783775129076
FC St. Pauli,VfL Wolfsburg,0.3321561622208372,0.26060235685333405,0.40724148092582874
SC Freiburg,RB Leipzig,0.368854522378302,0.24178505285708254,0.3893604247646154
Union Berlin,Augsburg,0.3590947537424645,0.2497572192268022,0.3911480270307333
Werder Bremen,Borussia Dortmund,0.29124020146065194,0.24007593639391578,0.46868386214543223
