home_team,away_team,p_home_book,p_draw_book,p_away_book
AS Monaco,Marseille,0.43234576783527573,0.25588094549208923,0.311773286672635
Angers,Lyon,0.20074532682902282,0.27031875530558847,0.5289359178653887
Auxerre,Nantes,0.46025467647491475,0.2909164458022854,0.24882887772279993
Brest,Rennes,0.30445110277022375,0.27602403280747845,0.4195248644222978
Brest,Strasbourg,0.3307419837710964,0.2912532575731587,0.3780047586557448
Le Havre,Auxerre,0.39066481555746596,0.299256992457755,0.3100781919847791
Lille,RC Lens,0.3639392317765811,0.28078430603805704,0.3552764621853618
Lorient,Paris FC,0.4205595075638393,0.2902348944336264,0.2892055980025343
Lyon,Lorient,0.5363224979190511,0.25726772383236424,0.20640977824858472
Marseille,Metz,0.7149170019645622,0.17412466388604486,0.11095833414939306
Metz,Nantes,0.3245780314465938,0.2892947763234472,0.38612719222995895
Nice,Le Havre,0.47388469875180655,0.28756326105682994,0.23855204019136356
Paris FC,AS Monaco,0.28373925342705264,0.26234800685176923,0.45391273972117807
Paris Saint Germain,Toulouse,0.7364302690226263,0.17092633271947283,0.09264339825790087
RC Lens,Paris Saint Germain,0.2776874116643058,0.25400043029550085,0.46831215804019327
Rennes,Angers,0.6781182861421653,0.19929956519015002,0.1225821486676848
Strasbourg,Nice,0.5189942060178586,0.2578209602700883,0.22318483371205308
Toulouse,Lille,0.30239830392193207,0.296935255367137,0.400666440710931
