home_team,away_team,p_home_book,p_draw_book,p_away_book
Excelsior,FC Utrecht,0.30489041105058157,0.26680248072048485,0.4283071082289335
FC Twente Enschede,NEC Nijmegen,0.47718136957974977,0.24001944265567948,0.28279918776457075
Feyenoord,Groningen,0.5798154516278352,0.22122676537138516,0.1989577830007796
Go Ahead Eagles,AZ Alkmaar,0.31384707269836515,0.24897883546693134,0.43717409183470357
Heerenveen,Fortuna Sittard,0.6086284627121038,0.2089917556344087,0.1823797816534875
Heracles Almelo,FC Volendam,0.43680344248005143,0.25480190136442915,0.3083946561555194
NAC Breda,Ajax,0.2735535132153846,0.2523600592842277,0.4740864275003876
PSV Eindhoven,FC Zwolle,0.784849376614813,0.12896179181611275,0.08618883156907424
SC Telstar,Sparta Rotterdam,0.3869918435281356,0.25726549991773817,0.3557426565541262
