home_team,away_team,p_home_book,p_draw_book,p_away_book
Ajax,FC Utrecht,0.5859820476391306,0.22193650151099126,0.19208145084987813
Excelsior,FC Volendam,0.5393204709521936,0.24568211897347636,0.21499741007433001
FC Twente Enschede,Sparta Rotterdam,0.6891551121165491,0.1819587005423268,0.12888618734112411
Feyenoord,AZ Alkmaar,0.479199356422008,0.24938520200061012,0.27141544157738184
Fortuna Sittard,FC Zwolle,0.44920390554012446,0.2575376692904903,0.2932584251693852
Go Ahead Eagles,PSV Eindhoven,0.2700691216979848,0.22010953032621475,0.5098213479758005
Groningen,NEC Nijmegen,0.33731951208007865,0.2521674440697519,0.41051304385016946
NAC Breda,Heerenveen,0.3691560081851707,0.2578660596923893,0.37297793212244007
SC Telstar,Heracles Almelo,0.6682883773477566,0.18731204223544035,0.14439958041680306
