home_team,away_team,p_home_book,p_draw_book,p_away_book
1. FC Heidenheim,FSV Mainz 05,0.47516528405519765,0.23377360512199163,0.2910611108228108
Bayer Leverkusen,Hamburger SV,0.7389843924382239,0.15418704967795055,0.10682855788382557
Bayern Munich,1. FC Köln,0.8181306664813203,0.10891227740113019,0.07295705611754952
Borussia Monchengladbach,TSG Hoffenheim,0.23117004912334424,0.21608526221568786,0.5527446886609678
Eintracht Frankfurt,VfB Stuttgart,0.28236318304173824,0.22550401291654681,0.49213280404171494
FC St. Pauli,VfL Wolfsburg,0.3382981186190101,0.2658149846100629,0.395886896770927
SC Freiburg,RB Leipzig,0.362832565876079,0.24177801527305665,0.3953894188508643
Union Berlin,Augsburg,0.3634896433709212,0.25088951930051173,0.38562083732856706
Werder Bremen,Borussia Dortmund,0.2798570881812703,0.2363072381170011,0.48383567370172853
