home_team,away_team,p_home_book,p_draw_book,p_away_book
AZ Alkmaar,FC Twente Enschede,0.37472451375574306,0.2492142090403106,0.3760612772039463
Ajax,PSV Eindhoven,0.3831877762844474,0.23369107416108895,0.3831211495544636
FC Utrecht,NAC Breda,0.5427333228997854,0.24144677129153558,0.21581990580867902
FC Volendam,Heerenveen,0.28833525720357706,0.24084437484896806,0.47082036794745485
FC Zwolle,Heracles Almelo,0.6256822217416761,0.2063590142269533,0.16795876403137056
Fortuna Sittard,Feyenoord,0.17471092432003837,0.21340320749388836,0.6118858681860733
Groningen,Excelsior,0.5580408924066029,0.2293773568267566,0.21258175076664046
NEC Nijmegen,SC Telstar,0.6602540521885315,0.18906882856427062,0.1506771192471979
Sparta Rotterdam,Go Ahead Eagles,0.46485574311303846,0.24749886902730334,0.2876453878596582
