home_team,away_team,p_home_book,p_draw_book,p_away_book
Ajax,Groningen,0.4972715364912506,0.24236234825286126,0.2603661152558881
FC Utrecht,Heerenveen,0.48318754526611124,0.24758220227680364,0.26923025245708504
Willem II,FC Volendam,0.4483707975057737,0.2639504843310242,0.28767871816320206
