home_team,away_team,p_home_book,p_draw_book,p_away_book
Hull City,Millwall,0.30522691969955873,0.2847589610547567,0.41001411924568454
Middlesbrough,Southampton,0.41261294962106265,0.2865951783553899,0.30079187202354746
