home_team,away_team,p_home_book,p_draw_book,p_away_book
1. FC Köln,1. FC Heidenheim,0.48157184970789785,0.24013285116430577,0.2782952991277963
Augsburg,Borussia Monchengladbach,0.4826482137276706,0.24374963916549874,0.2736021471068307
FSV Mainz 05,Union Berlin,0.5462010003009128,0.24446451514321552,0.2093344845558716
Hamburger SV,SC Freiburg,0.35201718568401724,0.2622084087533587,0.38577440556262405
RB Leipzig,FC St. Pauli,0.7239344712012782,0.16903347830954876,0.10703205048917308
TSG Hoffenheim,Werder Bremen,0.6397487883483289,0.19434947105099734,0.16590174060067372
VfB Stuttgart,Bayer Leverkusen,0.4282784424083047,0.23888309586818615,0.3328384617235091
VfL Wolfsburg,Bayern Munich,0.19647263013158237,0.19694893359309967,0.6065784362753179
