home_team,away_team,p_home_book,p_draw_book,p_away_book
Arsenal,Burnley,0.871495259272335,0.08822157966093358,0.040283161066731514
Aston Villa,Liverpool,0.32526786826070075,0.25417642762736287,0.4205557041119364
Brentford,Crystal Palace,0.5415948592999839,0.23423145589760092,0.22417368480241526
Chelsea,Tottenham Hotspur,0.451704351332366,0.2567144956630324,0.2915811530046015
Everton,Sunderland,0.5137348701288629,0.26083632002450624,0.2254288098466309
Leeds United,Brighton and Hove Albion,0.29887932023523117,0.2630337616794772,0.43808691808529165
Manchester United,Nottingham Forest,0.5916741379099945,0.220297005082808,0.18802885700719757
Newcastle United,West Ham United,0.45563373731080603,0.25136399879361954,0.29300226389557443
Wolverhampton Wanderers,Fulham,0.25147997178513204,0.24637078508961147,0.5021492431252564
