home_team,away_team,p_home_book,p_draw_book,p_away_book
AZ Alkmaar,NAC Breda,0.6918727955160877,0.17851068834896008,0.12961651613495223
FC Utrecht,Fortuna Sittard,0.6281653391634172,0.2025797466685634,0.1692549141680194
FC Volendam,SC Telstar,0.3693389678395132,0.25570260227833463,0.37495842988215217
FC Zwolle,Feyenoord,0.21515633353398664,0.21641591710567734,0.568427749360336
Heerenveen,Ajax,0.3154336678173197,0.227709086075106,0.45685724610757433
Heracles Almelo,Groningen,0.20206681468297955,0.20828519284577085,0.5896479924712495
NEC Nijmegen,Go Ahead Eagles,0.6780181411378945,0.1812527411578564,0.14072911770424912
PSV Eindhoven,FC Twente Enschede,0.43732871310991345,0.23158920211185183,0.3310820847782347
Sparta Rotterdam,Excelsior,0.4752608295423435,0.23714762498894226,0.2875915454687142
