home_team,away_team,p_home_book,p_draw_book,p_away_book
Brest,Angers,0.5199051894505857,0.25696351435015846,0.22313129619925567
Lille,Auxerre,0.683518690652406,0.19702192951878497,0.11945937982880897
Lorient,Le Havre,0.3668734915399077,0.27167552955451263,0.36145097890557965
Lyon,RC Lens,0.5330655986028503,0.23398669597577348,0.23294770542137636
Marseille,Rennes,0.4682500845309912,0.25325156885005096,0.27849834661895784
Nantes,Toulouse,0.36865005775868376,0.26714184094487364,0.36420810129644265
Nice,Metz,0.698708277324331,0.1839606611684436,0.11733106150722546
Paris FC,Paris Saint Germain,0.17977636923260837,0.2058746647015389,0.6143489660658528
Strasbourg,AS Monaco,0.3235675181791095,0.2445347823533925,0.431897699467498
