home_team,away_team,p_home_book,p_draw_book,p_away_book
AZ Alkmaar,FC Twente Enschede,0.37784996605169946,0.2518291836367541,0.3703208503115464
Ajax,PSV Eindhoven,0.3850918029677308,0.23433951441854106,0.38056868261372806
FC Utrecht,NAC Breda,0.5386281175941744,0.24409760216156418,0.2172742802442614
FC Volendam,Heerenveen,0.29659297795434203,0.23731879654803978,0.4660882254976182
FC Zwolle,Heracles Almelo,0.6158492846460778,0.20765628403781997,0.17649443131610226
Fortuna Sittard,Feyenoord,0.18529705935547514,0.23523535021543068,0.5794675904290942
Groningen,Excelsior,0.5595422300792093,0.23037146127217037,0.2100863086486203
NEC Nijmegen,SC Telstar,0.6675886682744936,0.186505435621145,0.14590589610436136
Sparta Rotterdam,Go Ahead Eagles,0.46360822260348694,0.2524255554433761,0.28396622195313703
