home_team,away_team,p_home_book,p_draw_book,p_away_book
AZ Alkmaar,NAC Breda,0.6900698291574175,0.17834968666586948,0.131580484176713
FC Utrecht,Fortuna Sittard,0.6289288959377659,0.20179201413674946,0.16927908992548468
FC Volendam,SC Telstar,0.3693702441739493,0.25641613483922765,0.374213620986823
FC Zwolle,Feyenoord,0.21515633353398664,0.21641591710567734,0.568427749360336
Heerenveen,Ajax,0.31609872207450734,0.22817725521609522,0.4557240227093975
Heracles Almelo,Groningen,0.20140566675047564,0.20988105296531717,0.5887132802842071
NEC Nijmegen,Go Ahead Eagles,0.6766439226918259,0.18137689722930442,0.14197918007886964
PSV Eindhoven,FC Twente Enschede,0.4367476838023058,0.23164715506802003,0.3316051611296742
Sparta Rotterdam,Excelsior,0.4728968403361166,0.2378241421758579,0.2892790174880255
