home_team,away_team,p_home_book,p_draw_book,p_away_book
1. FC Heidenheim,FSV Mainz 05,0.48778579777105674,0.22916226564198716,0.28305193658695615
Bayer Leverkusen,Hamburger SV,0.7410890688474645,0.15322922780851214,0.1056817033440233
Bayern Munich,1. FC Köln,0.823987946136931,0.10501415665364544,0.07099789720942351
Borussia Monchengladbach,TSG Hoffenheim,0.22782752998326689,0.21518071554528903,0.5569917544714441
Eintracht Frankfurt,VfB Stuttgart,0.2721799511334312,0.22540088482762494,0.5024191640389439
FC St. Pauli,VfL Wolfsburg,0.3304166807667406,0.2598702482621538,0.4097130709711056
SC Freiburg,RB Leipzig,0.35450784218349857,0.24411300321200727,0.4013791546044942
Union Berlin,Augsburg,0.3575444429118023,0.24959912393597566,0.3928564331522221
Werder Bremen,Borussia Dortmund,0.27870574050407354,0.23580147922430275,0.48549278027162374
