home_team,away_team,p_home_book,p_draw_book,p_away_book
Millwall,Hull City,0.5386413600076986,0.25468398439352397,0.20667465559877757
Southampton,Middlesbrough,0.4053901454261347,0.2704039286486198,0.32420592592524544
