home_team,away_team,p_home_book,p_draw_book,p_away_book
Brest,Angers,0.5204547333600116,0.25608132157648905,0.22346394506349937
Lille,Auxerre,0.6830527291761126,0.19972029773857491,0.11722697308531249
Lorient,Le Havre,0.36556134377135524,0.271803036241828,0.3626356199868168
Lyon,RC Lens,0.5227842288527761,0.23853393930584543,0.23868183184137848
Marseille,Rennes,0.46671583861041066,0.2529911969864359,0.28029296440315343
Nantes,Toulouse,0.3694088641565232,0.26620530277171334,0.3643858330717635
Nice,Metz,0.6938058107611665,0.18801559161615017,0.1181785976226833
Paris FC,Paris Saint Germain,0.18186637842090933,0.20566412685245838,0.6124694947266323
Strasbourg,AS Monaco,0.32736804494413235,0.24744502148491435,0.4251869335709533
