home_team,away_team,p_home_book,p_draw_book,p_away_book
Arsenal,Burnley,0.8718546700248098,0.08766018828373413,0.040485141691456006
Bournemouth,Manchester City,0.2125249342499107,0.22715918459398504,0.5603158811561043
Brentford,Crystal Palace,0.566251207696614,0.22740649989441403,0.20634229240897203
Chelsea,Tottenham Hotspur,0.45099562536412124,0.2565911530139488,0.29241322162193
Everton,Sunderland,0.5210781621418711,0.2575792534924876,0.22134258436564128
Leeds United,Brighton and Hove Albion,0.2937546243513386,0.2627633315268801,0.44348204412178127
Manchester United,Nottingham Forest,0.5833990094926487,0.2243478175304992,0.19225317297685224
Newcastle United,West Ham United,0.43937374353736225,0.25061356356017395,0.3100126929024639
Wolverhampton Wanderers,Fulham,0.2545993479184444,0.2496521202489928,0.49574853183256273
