home_team,away_team,p_home_book,p_draw_book,p_away_book
AS Monaco,Lille,0.4029433346727212,0.2563956852865597,0.3406609800407191
Angers,Strasbourg,0.3305710314253412,0.28163894589568816,0.3877900226789706
Auxerre,Nice,0.3949153447278574,0.27762465481748866,0.32746000045465395
Le Havre,Marseille,0.27285251008921585,0.2532072184456055,0.4739402714651786
Metz,Lorient,0.2992829347850363,0.26127101152199605,0.4394460536929677
Paris Saint Germain,Brest,0.8112001568817606,0.12169188981298772,0.06710795330525168
RC Lens,Paris Saint Germain,0.29847973649086706,0.2505722838665644,0.4509479796425685
Rennes,Paris FC,0.62892831431003,0.2039732528825762,0.16709843280739373
Toulouse,Lyon,0.21679336756633805,0.24500193846913806,0.5382046939645239
