home_team,away_team,p_home_book,p_draw_book,p_away_book
Ajax,Groningen,0.4835639079483559,0.2441788208995691,0.272257271152075
FC Utrecht,Heerenveen,0.4728965698010021,0.24732125730728013,0.2797821728917178
