home_team,away_team,p_home_book,p_draw_book,p_away_book
Excelsior,FC Utrecht,0.30509343255297316,0.2674277058593841,0.42747886158764276
FC Twente Enschede,NEC Nijmegen,0.48381266807313345,0.2359711358686585,0.2802161960582081
Feyenoord,Groningen,0.5740209560152332,0.22412912125488982,0.201849922729877
Go Ahead Eagles,AZ Alkmaar,0.32071457958889066,0.2517668504884168,0.4275185699226925
Heerenveen,Fortuna Sittard,0.6084318720897091,0.20936454160098422,0.18220358630930678
Heracles Almelo,FC Volendam,0.4394237137250977,0.25534446939430167,0.3052318168806007
NAC Breda,Ajax,0.2768687871657288,0.2548652031848363,0.46826600964943493
PSV Eindhoven,FC Zwolle,0.7834398198668291,0.1298875908284648,0.08667258930470607
SC Telstar,Sparta Rotterdam,0.4092491667280771,0.25660077184744334,0.33415006142447945
