home_team,away_team,p_home_book,p_draw_book,p_away_book
Excelsior,FC Utrecht,0.3040632148647044,0.2667618540880602,0.42917493104723536
FC Twente Enschede,NEC Nijmegen,0.4836131687961939,0.2359073560687298,0.2804794751350763
Feyenoord,Groningen,0.5752293965700547,0.22344577921112144,0.2013248242188239
Go Ahead Eagles,AZ Alkmaar,0.32242514207093215,0.25180670257382043,0.4257681553552474
Heerenveen,Fortuna Sittard,0.6088314432111569,0.20905516136043983,0.18211339542840332
Heracles Almelo,FC Volendam,0.4402876108512519,0.25540646170333026,0.30430592744541785
NAC Breda,Ajax,0.27806867504838967,0.2535733120560604,0.46835801289554996
PSV Eindhoven,FC Zwolle,0.7842774561539497,0.1294743662836603,0.08624817756238996
SC Telstar,Sparta Rotterdam,0.38688855128026184,0.25810877444779234,0.3550026742719458
