home_team,away_team,p_home_book,p_draw_book,p_away_book
Ajax,FC Utrecht,0.5214564808992046,0.23935917750152585,0.23918434159926952
Excelsior,FC Volendam,0.5355869864322104,0.23676802926500973,0.2276449843027799
FC Twente Enschede,Sparta Rotterdam,0.6728826039369645,0.18945761997633492,0.13765977608670055
Feyenoord,AZ Alkmaar,0.5194047234230774,0.2309385957236543,0.24965668085326828
Fortuna Sittard,FC Zwolle,0.46003718703943997,0.24792015115068555,0.2920426618098746
Go Ahead Eagles,PSV Eindhoven,0.2261305706217568,0.21169310151009693,0.5621763278681463
Groningen,NEC Nijmegen,0.35192640471809583,0.2498095537327473,0.3982640415491569
NAC Breda,Heerenveen,0.3880930622152312,0.25841422595851876,0.35349271182625003
SC Telstar,Heracles Almelo,0.6840028699648288,0.17964622192117946,0.1363509081139917
