home_team,away_team,p_home_book,p_draw_book,p_away_book
AZ Alkmaar,NAC Breda,0.6886761804831777,0.17999686352437874,0.1313269559924435
FC Utrecht,Fortuna Sittard,0.6290632876645971,0.201623526731074,0.1693131856043289
FC Volendam,SC Telstar,0.36917953574412876,0.2564960315971873,0.3743244326586839
FC Zwolle,Feyenoord,0.21515633353398664,0.21641591710567734,0.568427749360336
Heerenveen,Ajax,0.3152578531943919,0.22806488809234138,0.4566772587132667
Heracles Almelo,Groningen,0.20181229862969483,0.20926898409054195,0.5889187172797632
NEC Nijmegen,Go Ahead Eagles,0.6769580458127097,0.18132369713761132,0.14171825704967903
PSV Eindhoven,FC Twente Enschede,0.4368051533570953,0.2315717288586716,0.33162311778423315
Sparta Rotterdam,Excelsior,0.47293925898492234,0.2378756030734286,0.289185137941649
