home_team,away_team,p_home_book,p_draw_book,p_away_book
Middlesbrough,Southampton,0.41944981253108804,0.28286932424431493,0.2976808632245971
Millwall,Hull City,0.5408674064093182,0.25739390878609375,0.20173868480458806
