home_team,away_team,p_home_book,p_draw_book,p_away_book
Ajax,FC Utrecht,0.5664752628106717,0.22035044764801223,0.21317428954131612
Excelsior,FC Volendam,0.5360727843024347,0.2369226791303956,0.2270045365671697
FC Twente Enschede,Sparta Rotterdam,0.6972612428370123,0.18132434103641715,0.12141441612657057
Feyenoord,AZ Alkmaar,0.5150468524841764,0.23317927097591165,0.251773876539912
Fortuna Sittard,FC Zwolle,0.4497758667887857,0.25246416806874594,0.29775996514246833
Go Ahead Eagles,PSV Eindhoven,0.20638510173262428,0.21263946899463354,0.5809754292727423
Groningen,NEC Nijmegen,0.32933138088115005,0.24381392109234276,0.42685469802650716
NAC Breda,Heerenveen,0.37328653515111404,0.24999530191166394,0.376718162937222
SC Telstar,Heracles Almelo,0.7050036856054923,0.17300429471182216,0.12199201968268557
