home_team,away_team,p_home_book,p_draw_book,p_away_book
AS Monaco,Lille,0.4112635664861077,0.2561998870359888,0.3325365464779035
Angers,Strasbourg,0.27441850920297955,0.272562363387856,0.4530191274091645
Auxerre,Nice,0.3939898875452817,0.27726284794491535,0.3287472645098029
Le Havre,Marseille,0.2612452441090274,0.25085489939670713,0.4878998564942655
Metz,Lorient,0.3043312260189637,0.26412850936043597,0.4315402646206003
Paris Saint Germain,Brest,0.809835286685563,0.1236115624383667,0.06655315087607026
RC Lens,Nantes,0.7023389140848924,0.18233321928618,0.1153278666289277
Rennes,Paris FC,0.6345818616837902,0.20315527511549525,0.16226286320071456
Toulouse,Lyon,0.21773235335476782,0.24978519575306363,0.5324824508921686
