home_team,away_team,p_home_book,p_draw_book,p_away_book
1. FC Köln,1. FC Heidenheim,0.5420136432905148,0.23196388563793405,0.22602247107155118
Augsburg,Borussia Monchengladbach,0.41415433313581135,0.26029530263256206,0.32555036423162653
Borussia Dortmund,Eintracht Frankfurt,0.6229002379263635,0.20043671867977403,0.17666304339386252
FSV Mainz 05,Union Berlin,0.5176511793782362,0.2546837457212307,0.227665074900533
Hamburger SV,SC Freiburg,0.3437013598584241,0.2660846160697455,0.39021402407183037
RB Leipzig,FC St. Pauli,0.6737459088139847,0.19315344505008056,0.1331006461359348
TSG Hoffenheim,Werder Bremen,0.6429153717805898,0.19253314824835105,0.16455147997105907
VfB Stuttgart,Bayer Leverkusen,0.45117458055228415,0.23723510577886728,0.31159031366884854
VfL Wolfsburg,Bayern Munich,0.21551734694279423,0.2051920724025761,0.5792905806546296
