home_team,away_team,p_home_book,p_draw_book,p_away_book
1. FC Heidenheim,FSV Mainz 05,0.4752937547905661,0.2331170830483555,0.2915891621610784
Bayer Leverkusen,Hamburger SV,0.7320346504295353,0.15717702675289924,0.11078832281756543
Bayern Munich,1. FC Köln,0.8001557685977018,0.11814243430861993,0.08170179709367834
Borussia Monchengladbach,TSG Hoffenheim,0.22787035311857937,0.2146697050220075,0.557459941859413
Eintracht Frankfurt,VfB Stuttgart,0.28317423800657654,0.2273317183045103,0.489494043688913
FC St. Pauli,VfL Wolfsburg,0.34800106711706924,0.26759765746998376,0.38440127541294694
SC Freiburg,RB Leipzig,0.34115210802387286,0.24393411889789166,0.41491377307823546
Union Berlin,Augsburg,0.3686077070845711,0.2546394699934366,0.37675282292199225
Werder Bremen,Borussia Dortmund,0.2770005071883015,0.23776852199345452,0.4852309708182439
