home_team,away_team,p_home_book,p_draw_book,p_away_book
Birmingham City,Preston North End,0.5668753243879906,0.24619388684760135,0.18693078876440805
Charlton Athletic,Ipswich Town,0.17844663350304013,0.25073734904155454,0.5708160174554053
Coventry City,Wrexham AFC,0.4492140303625009,0.25112627426186207,0.29965969537563697
Leicester City,Millwall,0.2304008683115279,0.2426898204980837,0.5269093111903884
Middlesbrough,Sheffield Wednesday,0.8179958366969096,0.11923862007629658,0.06276554322679388
Norwich City,Swansea City,0.5530455954889254,0.24177567146862092,0.20517873304245368
Queens Park Rangers,Derby County,0.33724541765159216,0.28419457238125045,0.3785600099671574
Sheffield United,Blackburn Rovers,0.5130021944833708,0.2603894467636933,0.2266083587529359
Stoke City,Portsmouth,0.3407533741360346,0.2957673842193693,0.36347924164459594
