home_team,away_team,p_home_book,p_draw_book,p_away_book
Hull City,Millwall,0.3083998806401861,0.2894452915705466,0.40215482778926737
Middlesbrough,Southampton,0.40304987494046096,0.2878227330013302,0.30912739205820877
