home_team,away_team,p_home_book,p_draw_book,p_away_book
Brest,Angers,0.5204547333600116,0.25608132157648905,0.22346394506349937
Lille,Auxerre,0.6830527291761126,0.19972029773857491,0.11722697308531249
Lorient,Le Havre,0.3654148294681303,0.27169415025165683,0.36289102028021286
Lyon,RC Lens,0.5255956618667094,0.23651431449206772,0.23789002364122291
Marseille,Rennes,0.46680673429013825,0.25304014081398146,0.2801531248958803
Nantes,Toulouse,0.3694088641565232,0.26620530277171334,0.3643858330717635
Nice,Metz,0.6938058107611665,0.18801559161615017,0.1181785976226833
Paris FC,Paris Saint Germain,0.17550525937989403,0.19949283595275552,0.6250019046673504
Strasbourg,AS Monaco,0.32728784274928446,0.2469377949726237,0.4257743622780918
