home_team,away_team,p_home_book,p_draw_book,p_away_book
1. FC Heidenheim,FSV Mainz 05,0.48283721101120153,0.23040455398553075,0.28675823500326775
Bayer Leverkusen,Hamburger SV,0.7382200499826711,0.15433732407765682,0.10744262593967213
Bayern Munich,1. FC Köln,0.8236997344130355,0.10445222779506806,0.07184803779189639
Borussia Monchengladbach,TSG Hoffenheim,0.22819648050793587,0.215716635757355,0.5560868837347092
Eintracht Frankfurt,VfB Stuttgart,0.27624871891655184,0.22676513173550966,0.4969861493479385
FC St. Pauli,VfL Wolfsburg,0.33206461116626584,0.25950766822515614,0.40842772060857796
SC Freiburg,RB Leipzig,0.3540309433814769,0.2439312006374052,0.40203785598111785
Union Berlin,Augsburg,0.36390448845134027,0.2500608269561042,0.38603468459255547
Werder Bremen,Borussia Dortmund,0.27975920868164705,0.23647293056271645,0.4837678607556365
