home_team,away_team,p_home_book,p_draw_book,p_away_book
Ajax,FC Utrecht,0.5601320629460993,0.22112234605046432,0.21874559100343638
Excelsior,FC Volendam,0.5330216567475796,0.23521583296673934,0.23176251028568104
FC Twente Enschede,Sparta Rotterdam,0.6901133723223681,0.18088823199168327,0.12899839568594854
Feyenoord,AZ Alkmaar,0.5157573701132523,0.23104112941289343,0.2532015004738543
Fortuna Sittard,FC Zwolle,0.46043145635167515,0.23945059057379947,0.30011795307452543
Go Ahead Eagles,PSV Eindhoven,0.22772867798982294,0.21041185866987633,0.5618594633403007
Groningen,NEC Nijmegen,0.3437108766650437,0.24720450852055673,0.4090846148143996
NAC Breda,Heerenveen,0.38638022106213193,0.2482788116555541,0.36534096728231397
SC Telstar,Heracles Almelo,0.6988647086737275,0.17671545401318808,0.12441983731308434
