home_team,away_team,p_home_book,p_draw_book,p_away_book
AZ Alkmaar,FC Twente Enschede,0.37492591508482653,0.2489725603486573,0.37610152456651613
Ajax,PSV Eindhoven,0.3833140463911586,0.23376387203262,0.3829220815762213
FC Utrecht,NAC Breda,0.5395104216148275,0.24143698843072872,0.2190525899544437
FC Volendam,Heerenveen,0.2861076916512632,0.23842727146855766,0.47546503688017916
FC Zwolle,Heracles Almelo,0.626183432980608,0.20651007494231427,0.16730649207707768
Fortuna Sittard,Feyenoord,0.17471092432003837,0.21340320749388836,0.6118858681860733
Groningen,Excelsior,0.5588760675731749,0.22921572277326047,0.21190820965356474
NEC Nijmegen,SC Telstar,0.6606714905197705,0.18918571129701753,0.150142798183212
Sparta Rotterdam,Go Ahead Eagles,0.46437833491744446,0.24753330707228383,0.2880883580102717
