home_team,away_team,p_home_book,p_draw_book,p_away_book
AZ Alkmaar,NAC Breda,0.6744019458976285,0.18462019638027866,0.14097785772209281
FC Utrecht,Fortuna Sittard,0.6247395728857426,0.20333150690221624,0.1719289202120412
FC Volendam,SC Telstar,0.3729620460400676,0.2517745813288361,0.37526337263109627
FC Zwolle,Feyenoord,0.20667160611238813,0.21441077270768835,0.5789176211799236
Heerenveen,Ajax,0.3043593977664525,0.2376136513508579,0.4580269508826896
Heracles Almelo,Groningen,0.20115567833981465,0.2081212624360298,0.5907230592241555
NEC Nijmegen,Go Ahead Eagles,0.6757315159455812,0.18084028103648053,0.14342820301793824
PSV Eindhoven,FC Twente Enschede,0.43868098044523873,0.2315692917597191,0.32974972779504225
Sparta Rotterdam,Excelsior,0.4771333832275254,0.23740102609840244,0.2854655906740722
