home_team,away_team,p_home_book,p_draw_book,p_away_book
Ajax,FC Utrecht,0.5471541340852131,0.22631286185340593,0.226533004061381
Excelsior,FC Volendam,0.5277349509198943,0.2317355734087536,0.24052947567135208
FC Twente Enschede,Sparta Rotterdam,0.6694448290392315,0.19041039932353904,0.14014477163722938
Feyenoord,AZ Alkmaar,0.5194744570905082,0.23093055971614998,0.2495949831933418
Fortuna Sittard,FC Zwolle,0.47463007691534,0.23902929847816395,0.28634062460649606
Go Ahead Eagles,PSV Eindhoven,0.22564200149786195,0.21292322276807912,0.561434775734059
Groningen,NEC Nijmegen,0.34753016144424076,0.2509699105228523,0.401499928032907
NAC Breda,Heerenveen,0.3929500436142621,0.2498028007649096,0.35724715562082826
SC Telstar,Heracles Almelo,0.6887507846598288,0.1805783914428168,0.1306708238973545
