home_team,away_team,p_home_book,p_draw_book,p_away_book
AZ Alkmaar,NAC Breda,0.6897684251549944,0.17993687221014487,0.1302947026348608
FC Utrecht,Fortuna Sittard,0.630937627265312,0.20115878478640276,0.16790358794828517
FC Volendam,SC Telstar,0.3460766344338479,0.25819804505802385,0.39572532050812825
FC Zwolle,Feyenoord,0.22072987007230827,0.22068832848807798,0.5585818014396138
Heerenveen,Ajax,0.3143074569416522,0.23096956538809268,0.4547229776702551
Heracles Almelo,Groningen,0.2015438982188743,0.21039849933529733,0.5880576024458284
NEC Nijmegen,Go Ahead Eagles,0.6821569667845172,0.18075220707924256,0.13709082613624024
PSV Eindhoven,FC Twente Enschede,0.45261490601305515,0.2311343343827927,0.3162507596041522
Sparta Rotterdam,Excelsior,0.45837388255478145,0.2401759856593469,0.3014501317858716
