home_team,away_team,p_home_book,p_draw_book,p_away_book
Atalanta BC,Bologna,0.5107407170638529,0.2543492882809881,0.23490999465515908
Cagliari,Torino,0.40422926180586227,0.3085058450829316,0.2872648931112061
Sassuolo,Lecce,0.3540047453766545,0.29644079561609704,0.34955445900724846
Udinese,Cremonese,0.38430958466987464,0.29742104293511795,0.31826937239500735
