home_team,away_team,p_home_book,p_draw_book,p_away_book
AZ Alkmaar,NAC Breda,0.6896931562833263,0.17979796725418884,0.13050887646248488
FC Utrecht,Fortuna Sittard,0.6325200363597626,0.19982405665825467,0.1676559069819827
FC Volendam,SC Telstar,0.34748481304262785,0.2551633237037711,0.39735186325360106
FC Zwolle,Feyenoord,0.2135372530254172,0.21629275570540618,0.5701699912691766
Heerenveen,Ajax,0.31535691990549075,0.2276488691816871,0.45699421091282216
Heracles Almelo,Groningen,0.20093220253779837,0.2081438745177272,0.5909239229444744
NEC Nijmegen,Go Ahead Eagles,0.6802146565999303,0.1810265023458315,0.1387588410542382
PSV Eindhoven,FC Twente Enschede,0.4418406083647795,0.23095262873437472,0.32720676290084577
Sparta Rotterdam,Excelsior,0.47564416093673856,0.23614942902836641,0.28820641003489506
