home_team,away_team,p_home_book,p_draw_book,p_away_book
AS Monaco,Brest,0.562456433000475,0.2365270188007672,0.2010165481987578
Angers,Nice,0.2968978053104041,0.2875434448774106,0.4155587498121852
Le Havre,Lyon,0.24279817332002945,0.2752408848971517,0.4819609417828188
Lorient,RC Lens,0.24824079081471082,0.2652619915878574,0.4864972175974317
Marseille,Auxerre,0.6443703657375304,0.2120174927062312,0.14361214155623836
Metz,Toulouse,0.24563098378565038,0.28288039754951355,0.4714886186648361
Paris Saint Germain,Nantes,0.6982683961727979,0.1811590589024835,0.12057254492471868
Rennes,Lille,0.38046793801751544,0.27687852506005367,0.34265353692243083
Strasbourg,Paris FC,0.5416030763758615,0.25055312178170636,0.20784380184243206
