home_team,away_team,p_home_book,p_draw_book,p_away_book
Millwall,Hull City,0.5383960145684863,0.25921251814835256,0.20239146728316118
Southampton,Middlesbrough,0.40558607361490767,0.26996318716773027,0.324450739217362
