home_team,away_team,p_home_book,p_draw_book,p_away_book
AZ Alkmaar,NAC Breda,0.6768790485608703,0.18276452868670387,0.14035642275242574
FC Utrecht,Fortuna Sittard,0.6269901516093738,0.2022909910467756,0.17071885734385062
FC Volendam,SC Telstar,0.3685230446947052,0.25654209159055485,0.37493486371473994
FC Zwolle,Feyenoord,0.21209352497709114,0.2153707964579278,0.572535678564981
Heerenveen,Ajax,0.2958977714016554,0.2347604694827943,0.46934175911555026
Heracles Almelo,Groningen,0.200759856360609,0.2096860543968966,0.5895540892424944
NEC Nijmegen,Go Ahead Eagles,0.6763107178711435,0.18116696729025084,0.14252231483860567
PSV Eindhoven,FC Twente Enschede,0.4445288952362377,0.23266259356761582,0.3228085111961465
Sparta Rotterdam,Excelsior,0.47362730726943375,0.23871394080405642,0.28765875192650986
