home_team,away_team,p_home_book,p_draw_book,p_away_book
AZ Alkmaar,NAC Breda,0.6907568243760744,0.17769357657996035,0.13154959904396524
FC Utrecht,Fortuna Sittard,0.6305845141214816,0.2019158564683262,0.16749962941019214
FC Volendam,SC Telstar,0.3396384080454256,0.2575988940047333,0.402762697949841
FC Zwolle,Feyenoord,0.2309443731126979,0.22579034281501503,0.5432652840722871
Heerenveen,Ajax,0.3186683602924941,0.23312375743033287,0.44820788227717295
Heracles Almelo,Groningen,0.1889813684220049,0.20706540622291453,0.6039532253550807
NEC Nijmegen,Go Ahead Eagles,0.6836205781402718,0.17908063050096773,0.13729879135876044
PSV Eindhoven,FC Twente Enschede,0.43691984247768934,0.23398890019298246,0.3290912573293282
Sparta Rotterdam,Excelsior,0.46199227135354637,0.2428879606152199,0.29511976803123374
