home_team,away_team,p_home_book,p_draw_book,p_away_book
Brest,Angers,0.5193830752476845,0.25763906382939017,0.22297786092292532
Lille,Auxerre,0.682989446091959,0.19711440883730574,0.11989614507073527
Lorient,Le Havre,0.36618350436802005,0.27130163640835125,0.36251485922362864
Lyon,RC Lens,0.5451622296734202,0.22962645663254647,0.22521131369403333
Marseille,Rennes,0.4656009699929159,0.25423696910026394,0.2801620609068201
Nantes,Toulouse,0.3706111353592229,0.2665590246090243,0.3628298400317528
Nice,Metz,0.7027632647925344,0.18249686615160932,0.11473986905585631
Paris FC,Paris Saint Germain,0.18710963187975707,0.20850782708691917,0.6043825410333238
Strasbourg,AS Monaco,0.31548164620716657,0.24338898275498866,0.44112937103784483
